/*!40101 SET @OLD_CHARACTER_SET_CLIENT=@@CHARACTER_SET_CLIENT */;
/*!40101 SET NAMES utf8 */;
/*!50503 SET NAMES utf8mb4 */;
/*!40014 SET @OLD_FOREIGN_KEY_CHECKS=@@FOREIGN_KEY_CHECKS, FOREIGN_KEY_CHECKS=0 */;
/*!40101 SET @OLD_SQL_MODE=@@SQL_MODE, SQL_MODE='NO_AUTO_VALUE_ON_ZERO' */;

-- Dumping database structure for attendance_school
DROP DATABASE IF EXISTS `attendance_school`;
CREATE DATABASE IF NOT EXISTS `attendance_school` /*!40100 DEFAULT CHARACTER SET latin1 */;
USE `attendance_school`;

-- Dumping structure for table attendance_school.attendance
CREATE TABLE IF NOT EXISTS `attendance` (
  `id` int(3) NOT NULL AUTO_INCREMENT,
  `class_id` int(3) NOT NULL,
  `student_id` int(4) NOT NULL,
  `date` date NOT NULL,
  `type_attendance_id` int(1) NOT NULL,
  PRIMARY KEY (`id`),
  KEY `id_class` (`class_id`),
  KEY `id_alumno` (`student_id`),
  KEY `type_attendance_id` (`type_attendance_id`),
  CONSTRAINT `attendance_ibfk_1` FOREIGN KEY (`class_id`) REFERENCES `class` (`id`) ON DELETE CASCADE ON UPDATE CASCADE,
  CONSTRAINT `attendance_ibfk_2` FOREIGN KEY (`type_attendance_id`) REFERENCES `type_attendance` (`id`) ON DELETE CASCADE ON UPDATE CASCADE,
  CONSTRAINT `attendance_ibfk_3` FOREIGN KEY (`student_id`) REFERENCES `users` (`id`) ON DELETE CASCADE ON UPDATE CASCADE
) ENGINE=InnoDB AUTO_INCREMENT=123 DEFAULT CHARSET=latin1;

-- Dumping data for table attendance_school.attendance: ~120 rows (approximately)
/*!40000 ALTER TABLE `attendance` DISABLE KEYS */;
INSERT INTO `attendance` (`id`, `class_id`, `student_id`, `date`, `type_attendance_id`) VALUES
	(3, 1, 101, '2019-11-29', 2),
	(4, 1, 107, '2019-11-29', 1),
	(5, 1, 113, '2019-11-29', 1),
	(6, 1, 119, '2019-11-29', 2),
	(7, 1, 125, '2019-11-29', 2),
	(8, 1, 131, '2019-11-29', 1),
	(9, 1, 137, '2019-11-29', 1),
	(10, 1, 143, '2019-11-29', 1),
	(11, 1, 149, '2019-11-29', 1),
	(12, 1, 155, '2019-11-29', 1),
	(13, 1, 161, '2019-11-29', 1),
	(14, 1, 167, '2019-11-29', 1),
	(15, 1, 173, '2019-11-29', 1),
	(16, 1, 179, '2019-11-29', 1),
	(17, 1, 185, '2019-11-29', 1),
	(18, 1, 191, '2019-11-29', 1),
	(19, 1, 197, '2019-11-29', 1),
	(20, 1, 203, '2019-11-29', 1),
	(21, 1, 209, '2019-11-29', 1),
	(22, 1, 215, '2019-11-29', 1),
	(23, 2, 101, '2020-11-10', 2),
	(24, 2, 107, '2020-11-10', 1),
	(25, 2, 113, '2020-11-10', 3),
	(26, 2, 119, '2020-11-10', 2),
	(27, 2, 125, '2020-11-10', 2),
	(28, 2, 131, '2020-11-10', 1),
	(29, 2, 137, '2020-11-10', 1),
	(30, 2, 143, '2020-11-10', 1),
	(31, 2, 149, '2020-11-10', 3),
	(32, 2, 155, '2020-11-10', 1),
	(33, 2, 161, '2020-11-10', 1),
	(34, 2, 167, '2020-11-10', 1),
	(35, 2, 173, '2020-11-10', 1),
	(36, 2, 179, '2020-11-10', 1),
	(37, 2, 185, '2020-11-10', 1),
	(38, 2, 191, '2020-11-10', 1),
	(39, 2, 197, '2020-11-10', 1),
	(40, 2, 203, '2020-11-10', 1),
	(41, 2, 209, '2020-11-10', 1),
	(42, 2, 215, '2020-11-10', 1),
	(43, 1, 101, '2020-11-10', 2),
	(44, 1, 107, '2020-11-10', 1),
	(45, 1, 113, '2020-11-10', 3),
	(46, 1, 119, '2020-11-10', 2),
	(47, 1, 125, '2020-11-10', 2),
	(48, 1, 131, '2020-11-10', 1),
	(49, 1, 137, '2020-11-10', 1),
	(50, 1, 143, '2020-11-10', 1),
	(51, 1, 149, '2020-11-10', 1),
	(52, 1, 155, '2020-11-10', 1),
	(53, 1, 161, '2020-11-10', 1),
	(54, 1, 167, '2020-11-10', 1),
	(55, 1, 173, '2020-11-10', 1),
	(56, 1, 179, '2020-11-10', 1),
	(57, 1, 185, '2020-11-10', 1),
	(58, 1, 191, '2020-11-10', 1),
	(59, 1, 197, '2020-11-10', 1),
	(60, 1, 203, '2020-11-10', 1),
	(61, 1, 209, '2020-11-10', 1),
	(62, 1, 215, '2020-11-10', 1),
	(63, 2, 101, '2020-11-08', 1),
	(64, 2, 107, '2020-11-08', 1),
	(65, 2, 113, '2020-11-08', 1),
	(66, 2, 119, '2020-11-08', 1),
	(67, 2, 125, '2020-11-08', 1),
	(68, 2, 131, '2020-11-08', 1),
	(69, 2, 137, '2020-11-08', 1),
	(70, 2, 143, '2020-11-08', 1),
	(71, 2, 149, '2020-11-08', 1),
	(72, 2, 155, '2020-11-08', 1),
	(73, 2, 161, '2020-11-08', 1),
	(74, 2, 167, '2020-11-08', 1),
	(75, 2, 173, '2020-11-08', 1),
	(76, 2, 179, '2020-11-08', 1),
	(77, 2, 185, '2020-11-08', 1),
	(78, 2, 191, '2020-11-08', 1),
	(79, 2, 197, '2020-11-08', 1),
	(80, 2, 203, '2020-11-08', 1),
	(81, 2, 209, '2020-11-08', 1),
	(82, 2, 215, '2020-11-08', 1),
	(83, 1, 101, '2020-11-11', 2),
	(84, 1, 107, '2020-11-11', 1),
	(85, 1, 113, '2020-11-11', 1),
	(86, 1, 119, '2020-11-11', 1),
	(87, 1, 125, '2020-11-11', 2),
	(88, 1, 131, '2020-11-11', 1),
	(89, 1, 137, '2020-11-11', 1),
	(90, 1, 143, '2020-11-11', 1),
	(91, 1, 149, '2020-11-11', 1),
	(92, 1, 155, '2020-11-11', 1),
	(93, 1, 161, '2020-11-11', 1),
	(94, 1, 167, '2020-11-11', 1),
	(95, 1, 173, '2020-11-11', 1),
	(96, 1, 179, '2020-11-11', 1),
	(97, 1, 185, '2020-11-11', 1),
	(98, 1, 191, '2020-11-11', 1),
	(99, 1, 197, '2020-11-11', 1),
	(100, 1, 203, '2020-11-11', 1),
	(101, 1, 209, '2020-11-11', 1),
	(102, 1, 215, '2020-11-11', 1),
	(103, 1, 101, '2020-11-15', 1),
	(104, 1, 107, '2020-11-15', 1),
	(105, 1, 113, '2020-11-15', 1),
	(106, 1, 119, '2020-11-15', 1),
	(107, 1, 125, '2020-11-15', 2),
	(108, 1, 131, '2020-11-15', 1),
	(109, 1, 137, '2020-11-15', 1),
	(110, 1, 143, '2020-11-15', 1),
	(111, 1, 149, '2020-11-15', 1),
	(112, 1, 155, '2020-11-15', 1),
	(113, 1, 161, '2020-11-15', 1),
	(114, 1, 167, '2020-11-15', 1),
	(115, 1, 173, '2020-11-15', 1),
	(116, 1, 179, '2020-11-15', 1),
	(117, 1, 185, '2020-11-15', 1),
	(118, 1, 191, '2020-11-15', 1),
	(119, 1, 197, '2020-11-15', 1),
	(120, 1, 203, '2020-11-15', 1),
	(121, 1, 209, '2020-11-15', 1),
	(122, 1, 215, '2020-11-15', 1);
/*!40000 ALTER TABLE `attendance` ENABLE KEYS */;

-- Dumping structure for table attendance_school.class
CREATE TABLE IF NOT EXISTS `class` (
  `id` int(3) NOT NULL AUTO_INCREMENT,
  `subject_id` int(3) NOT NULL,
  `teacher_id` int(4) NOT NULL,
  `hour` time NOT NULL,
  PRIMARY KEY (`id`),
  KEY `subject_id` (`subject_id`),
  KEY `teacher_id` (`teacher_id`),
  CONSTRAINT `class_ibfk_1` FOREIGN KEY (`subject_id`) REFERENCES `subjects` (`id`) ON DELETE CASCADE ON UPDATE CASCADE,
  CONSTRAINT `class_ibfk_2` FOREIGN KEY (`teacher_id`) REFERENCES `users` (`id`) ON DELETE CASCADE ON UPDATE CASCADE
) ENGINE=InnoDB AUTO_INCREMENT=13 DEFAULT CHARSET=latin1;

-- Dumping data for table attendance_school.class: ~12 rows (approximately)
/*!40000 ALTER TABLE `class` DISABLE KEYS */;
INSERT INTO `class` (`id`, `subject_id`, `teacher_id`, `hour`) VALUES
	(1, 1, 11, '07:00:00'),
	(2, 2, 11, '08:00:00'),
	(3, 3, 12, '07:00:00'),
	(4, 4, 12, '08:00:00'),
	(5, 5, 13, '07:00:00'),
	(6, 6, 13, '08:00:00'),
	(7, 7, 14, '07:00:00'),
	(8, 8, 14, '08:00:00'),
	(9, 9, 15, '07:00:00'),
	(10, 10, 15, '08:00:00'),
	(11, 11, 16, '07:00:00'),
	(12, 12, 16, '08:00:00');
/*!40000 ALTER TABLE `class` ENABLE KEYS */;

-- Dumping structure for table attendance_school.login_attemps
CREATE TABLE IF NOT EXISTS `login_attemps` (
  `id` int(3) NOT NULL AUTO_INCREMENT,
  `user_id` int(4) NOT NULL,
  `request_time` int(15) NOT NULL,
  `is_successful` tinyint(1) NOT NULL,
  PRIMARY KEY (`id`),
  KEY `user_id` (`user_id`),
  CONSTRAINT `login_attemps_ibfk_1` FOREIGN KEY (`user_id`) REFERENCES `users` (`id`) ON DELETE CASCADE ON UPDATE CASCADE
) ENGINE=InnoDB AUTO_INCREMENT=442 DEFAULT CHARSET=utf8mb4;

-- Dumping data for table attendance_school.login_attemps: ~84 rows (approximately)
/*!40000 ALTER TABLE `login_attemps` DISABLE KEYS */;
INSERT INTO `login_attemps` (`id`, `user_id`, `request_time`, `is_successful`) VALUES
	(312, 1, 1575042792, 0),
	(313, 1, 1575042800, 0),
	(314, 1, 1575042809, 0),
	(315, 1, 1575042831, 1),
	(316, 1, 1575042851, 0),
	(317, 1, 1575042854, 0),
	(318, 1, 1575042859, 0),
	(319, 1, 1575215010, 1),
	(320, 1, 1575216379, 0),
	(321, 1, 1575216393, 0),
	(322, 101, 1575216402, 0),
	(323, 1, 1575216410, 1),
	(324, 101, 1575262219, 1),
	(325, 109, 1575262289, 1),
	(326, 1, 1575262647, 1),
	(327, 1, 1575297025, 1),
	(328, 1, 1575299913, 1),
	(329, 1, 1575336567, 1),
	(330, 101, 1575339648, 1),
	(331, 109, 1575339952, 1),
	(332, 1, 1575339961, 1),
	(333, 105, 1575340646, 1),
	(334, 1, 1575340685, 1),
	(335, 108, 1575344692, 1),
	(336, 1, 1575344707, 1),
	(337, 109, 1575344810, 1),
	(338, 105, 1575344819, 1),
	(339, 101, 1575344827, 1),
	(340, 1, 1575344847, 0),
	(341, 1, 1575344868, 0),
	(342, 1, 1575344875, 0),
	(343, 1, 1575344898, 0),
	(344, 1, 1575344903, 1),
	(345, 102, 1575345151, 1),
	(346, 1, 1575349594, 1),
	(347, 1, 1575349706, 1),
	(348, 1, 1575350150, 1),
	(349, 101, 1575350202, 1),
	(350, 1, 1575350214, 1),
	(351, 101, 1575350272, 0),
	(352, 101, 1575350277, 1),
	(355, 101, 1575350326, 1),
	(356, 1, 1575350375, 1),
	(357, 1, 1575383036, 0),
	(358, 1, 1575383041, 1),
	(359, 106, 1575383983, 1),
	(360, 1, 1575383999, 1),
	(361, 107, 1575384059, 1),
	(362, 1, 1575384069, 1),
	(363, 107, 1575384094, 1),
	(364, 1, 1575384102, 1),
	(365, 107, 1575384853, 1),
	(366, 1, 1575384859, 1),
	(367, 107, 1575385063, 1),
	(368, 1, 1575385070, 1),
	(369, 1, 1575387542, 1),
	(370, 109, 1575387561, 1),
	(371, 1, 1575387566, 1),
	(372, 1, 1604955027, 0),
	(373, 1, 1604955038, 0),
	(374, 1, 1604955041, 0),
	(376, 1, 1604955059, 0),
	(380, 1, 1604955094, 0),
	(381, 1, 1604955270, 0),
	(382, 1, 1605045908, 1),
	(386, 11, 1605046050, 1),
	(387, 12, 1605046136, 1),
	(388, 101, 1605046169, 1),
	(389, 1, 1605051170, 1),
	(390, 11, 1605051187, 1),
	(391, 101, 1605051241, 1),
	(392, 1, 1605052164, 1),
	(393, 11, 1605052173, 1),
	(394, 101, 1605052214, 1),
	(395, 1, 1605057547, 0),
	(396, 1, 1605057553, 0),
	(397, 1, 1605057603, 0),
	(398, 1, 1605057677, 0),
	(399, 1, 1605057686, 0),
	(400, 1, 1605057714, 0),
	(401, 1, 1605057764, 0),
	(402, 1, 1605057873, 0),
	(403, 1, 1605057882, 0),
	(404, 1, 1605057959, 0),
	(405, 1, 1605057973, 0),
	(406, 1, 1605058059, 0),
	(407, 1, 1605058084, 0),
	(408, 1, 1605058088, 0),
	(409, 11, 1605059011, 1),
	(410, 11, 1605059443, 1),
	(411, 11, 1605059874, 1),
	(412, 11, 1605060189, 1),
	(413, 101, 1605061604, 1),
	(414, 101, 1605061824, 1),
	(415, 1, 1605117068, 1),
	(416, 11, 1605117121, 1),
	(417, 101, 1605117234, 1),
	(418, 101, 1605118412, 1),
	(419, 12, 1605118437, 0),
	(420, 12, 1605118530, 0),
	(421, 11, 1605118964, 1),
	(422, 1, 1605119798, 1),
	(423, 1, 1605119810, 0),
	(424, 1, 1605119813, 1),
	(425, 1, 1605122145, 1),
	(426, 11, 1605122161, 1),
	(427, 101, 1605122207, 1),
	(428, 11, 1605122641, 0),
	(429, 11, 1605123133, 1),
	(430, 101, 1605123150, 1),
	(431, 1, 1605123204, 1),
	(432, 1, 1605123680, 1),
	(433, 1, 1605123726, 1),
	(434, 11, 1605123740, 1),
	(435, 101, 1605123761, 1),
	(436, 1, 1605123849, 1),
	(437, 101, 1605123858, 1),
	(438, 101, 1605123870, 1),
	(439, 16, 1605123875, 1),
	(440, 11, 1605123956, 1),
	(441, 15, 1605123981, 1);
/*!40000 ALTER TABLE `login_attemps` ENABLE KEYS */;

-- Dumping structure for table attendance_school.logouts
CREATE TABLE IF NOT EXISTS `logouts` (
  `id` int(5) NOT NULL AUTO_INCREMENT,
  `user_id` int(3) NOT NULL,
  `date` timestamp NOT NULL DEFAULT CURRENT_TIMESTAMP,
  PRIMARY KEY (`id`),
  KEY `user_id` (`user_id`),
  CONSTRAINT `logouts_ibfk_2` FOREIGN KEY (`user_id`) REFERENCES `users` (`id`) ON DELETE CASCADE ON UPDATE CASCADE
) ENGINE=InnoDB AUTO_INCREMENT=11 DEFAULT CHARSET=utf8mb4;

-- Dumping data for table attendance_school.logouts: ~5 rows (approximately)
/*!40000 ALTER TABLE `logouts` DISABLE KEYS */;
INSERT INTO `logouts` (`id`, `user_id`, `date`) VALUES
	(1, 1, '2019-11-29 08:57:35'),
	(2, 1, '2019-11-29 09:12:51'),
	(3, 11, '2019-11-29 09:28:54'),
	(4, 1, '2019-11-29 09:43:13'),
	(5, 1, '2019-11-29 09:53:57'),
	(6, 1, '2020-11-11 13:44:10'),
	(7, 101, '2020-11-11 13:44:21'),
	(8, 101, '2020-11-11 13:44:33'),
	(9, 16, '2020-11-11 13:45:10'),
	(10, 11, '2020-11-11 13:46:19');
/*!40000 ALTER TABLE `logouts` ENABLE KEYS */;

-- Dumping structure for table attendance_school.student_class
CREATE TABLE IF NOT EXISTS `student_class` (
  `id` int(7) NOT NULL AUTO_INCREMENT,
  `student_id` int(4) NOT NULL,
  `class_id` int(3) NOT NULL,
  PRIMARY KEY (`id`),
  KEY `user_id` (`student_id`),
  KEY `id_class` (`class_id`),
  CONSTRAINT `student_class_ibfk_1` FOREIGN KEY (`class_id`) REFERENCES `class` (`id`) ON DELETE CASCADE ON UPDATE CASCADE,
  CONSTRAINT `student_class_ibfk_2` FOREIGN KEY (`student_id`) REFERENCES `users` (`id`) ON DELETE CASCADE ON UPDATE CASCADE
) ENGINE=InnoDB AUTO_INCREMENT=241 DEFAULT CHARSET=latin1;

-- Dumping data for table attendance_school.student_class: ~240 rows (approximately)
/*!40000 ALTER TABLE `student_class` DISABLE KEYS */;
INSERT INTO `student_class` (`id`, `student_id`, `class_id`) VALUES
	(1, 101, 1),
	(2, 102, 3),
	(3, 103, 5),
	(4, 104, 7),
	(5, 105, 9),
	(6, 106, 11),
	(7, 107, 1),
	(8, 108, 3),
	(9, 109, 5),
	(10, 110, 7),
	(11, 111, 9),
	(12, 112, 11),
	(13, 113, 1),
	(14, 114, 3),
	(15, 115, 5),
	(16, 116, 7),
	(17, 117, 9),
	(18, 118, 11),
	(19, 119, 1),
	(20, 120, 3),
	(21, 121, 5),
	(22, 122, 7),
	(23, 123, 9),
	(24, 124, 11),
	(25, 125, 1),
	(26, 126, 3),
	(27, 127, 5),
	(28, 128, 7),
	(29, 129, 9),
	(30, 130, 11),
	(31, 131, 1),
	(32, 132, 3),
	(33, 133, 5),
	(34, 134, 7),
	(35, 135, 9),
	(36, 136, 11),
	(37, 137, 1),
	(38, 138, 3),
	(39, 139, 5),
	(40, 140, 7),
	(41, 141, 9),
	(42, 142, 11),
	(43, 143, 1),
	(44, 144, 3),
	(45, 145, 5),
	(46, 146, 7),
	(47, 147, 9),
	(48, 148, 11),
	(49, 149, 1),
	(50, 150, 3),
	(51, 151, 5),
	(52, 152, 7),
	(53, 153, 9),
	(54, 154, 11),
	(55, 155, 1),
	(56, 156, 3),
	(57, 157, 5),
	(58, 158, 7),
	(59, 159, 9),
	(60, 160, 11),
	(61, 161, 1),
	(62, 162, 3),
	(63, 163, 5),
	(64, 164, 7),
	(65, 165, 9),
	(66, 166, 11),
	(67, 167, 1),
	(68, 168, 3),
	(69, 169, 5),
	(70, 170, 7),
	(71, 171, 9),
	(72, 172, 11),
	(73, 173, 1),
	(74, 174, 3),
	(75, 175, 5),
	(76, 176, 7),
	(77, 177, 9),
	(78, 178, 11),
	(79, 179, 1),
	(80, 180, 3),
	(81, 181, 5),
	(82, 182, 7),
	(83, 183, 9),
	(84, 184, 11),
	(85, 185, 1),
	(86, 186, 3),
	(87, 187, 5),
	(88, 188, 7),
	(89, 189, 9),
	(90, 190, 11),
	(91, 191, 1),
	(92, 192, 3),
	(93, 193, 5),
	(94, 194, 7),
	(95, 195, 9),
	(96, 196, 11),
	(97, 197, 1),
	(98, 198, 3),
	(99, 199, 5),
	(100, 200, 7),
	(101, 201, 9),
	(102, 202, 11),
	(103, 203, 1),
	(104, 204, 3),
	(105, 205, 5),
	(106, 206, 7),
	(107, 207, 9),
	(108, 208, 11),
	(109, 209, 1),
	(110, 210, 3),
	(111, 211, 5),
	(112, 212, 7),
	(113, 213, 9),
	(114, 214, 11),
	(115, 215, 1),
	(116, 216, 3),
	(117, 217, 5),
	(118, 218, 7),
	(119, 219, 9),
	(120, 220, 11),
	(121, 101, 2),
	(122, 102, 4),
	(123, 103, 6),
	(124, 104, 8),
	(125, 105, 10),
	(126, 106, 12),
	(127, 107, 2),
	(128, 108, 4),
	(129, 109, 6),
	(130, 110, 8),
	(131, 111, 10),
	(132, 112, 12),
	(133, 113, 2),
	(134, 114, 4),
	(135, 115, 6),
	(136, 116, 8),
	(137, 117, 10),
	(138, 118, 12),
	(139, 119, 2),
	(140, 120, 4),
	(141, 121, 6),
	(142, 122, 8),
	(143, 123, 10),
	(144, 124, 12),
	(145, 125, 2),
	(146, 126, 4),
	(147, 127, 6),
	(148, 128, 8),
	(149, 129, 10),
	(150, 130, 12),
	(151, 131, 2),
	(152, 132, 4),
	(153, 133, 6),
	(154, 134, 8),
	(155, 135, 10),
	(156, 136, 12),
	(157, 137, 2),
	(158, 138, 4),
	(159, 139, 6),
	(160, 140, 8),
	(161, 141, 10),
	(162, 142, 12),
	(163, 143, 2),
	(164, 144, 4),
	(165, 145, 6),
	(166, 146, 8),
	(167, 147, 10),
	(168, 148, 12),
	(169, 149, 2),
	(170, 150, 4),
	(171, 151, 6),
	(172, 152, 8),
	(173, 153, 10),
	(174, 154, 12),
	(175, 155, 2),
	(176, 156, 4),
	(177, 157, 6),
	(178, 158, 8),
	(179, 159, 10),
	(180, 160, 12),
	(181, 161, 2),
	(182, 162, 4),
	(183, 163, 6),
	(184, 164, 8),
	(185, 165, 10),
	(186, 166, 12),
	(187, 167, 2),
	(188, 168, 4),
	(189, 169, 6),
	(190, 170, 8),
	(191, 171, 10),
	(192, 172, 12),
	(193, 173, 2),
	(194, 174, 4),
	(195, 175, 6),
	(196, 176, 8),
	(197, 177, 10),
	(198, 178, 12),
	(199, 179, 2),
	(200, 180, 4),
	(201, 181, 6),
	(202, 182, 8),
	(203, 183, 10),
	(204, 184, 12),
	(205, 185, 2),
	(206, 186, 4),
	(207, 187, 6),
	(208, 188, 8),
	(209, 189, 10),
	(210, 190, 12),
	(211, 191, 2),
	(212, 192, 4),
	(213, 193, 6),
	(214, 194, 8),
	(215, 195, 10),
	(216, 196, 12),
	(217, 197, 2),
	(218, 198, 4),
	(219, 199, 6),
	(220, 200, 8),
	(221, 201, 10),
	(222, 202, 12),
	(223, 203, 2),
	(224, 204, 4),
	(225, 205, 6),
	(226, 206, 8),
	(227, 207, 10),
	(228, 208, 12),
	(229, 209, 2),
	(230, 210, 4),
	(231, 211, 6),
	(232, 212, 8),
	(233, 213, 10),
	(234, 214, 12),
	(235, 215, 2),
	(236, 216, 4),
	(237, 217, 6),
	(238, 218, 8),
	(239, 219, 10),
	(240, 220, 12);
/*!40000 ALTER TABLE `student_class` ENABLE KEYS */;

-- Dumping structure for table attendance_school.subjects
CREATE TABLE IF NOT EXISTS `subjects` (
  `id` int(3) NOT NULL,
  `name` varchar(30) NOT NULL,
  `description` varchar(200) NOT NULL,
  `grade` int(1) DEFAULT NULL,
  PRIMARY KEY (`id`)
) ENGINE=InnoDB DEFAULT CHARSET=latin1;

-- Dumping data for table attendance_school.subjects: ~12 rows (approximately)
/*!40000 ALTER TABLE `subjects` DISABLE KEYS */;
INSERT INTO `subjects` (`id`, `name`, `description`, `grade`) VALUES
	(1, 'Mathematics', 'Description', 1),
	(2, 'Science', 'Description', 1),
	(3, 'Language Arts', 'Description', 2),
	(4, 'Health', 'Description', 2),
	(5, 'Handwriting', 'Description', 3),
	(6, 'Physical Education (P.E.)', 'Description', 3),
	(7, 'Art', 'Description', 4),
	(8, 'Spanish', 'Description', 4),
	(9, 'Pre-algebra', 'Description', 5),
	(10, 'Geometry', 'Description', 5),
	(11, 'Life Science', 'Description', 6),
	(12, 'World Literature', 'Description', 6);
/*!40000 ALTER TABLE `subjects` ENABLE KEYS */;

-- Dumping structure for table attendance_school.type_attendance
CREATE TABLE IF NOT EXISTS `type_attendance` (
  `id` int(1) NOT NULL,
  `description` varchar(30) NOT NULL,
  PRIMARY KEY (`id`)
) ENGINE=InnoDB DEFAULT CHARSET=latin1;

-- Dumping data for table attendance_school.type_attendance: ~4 rows (approximately)
/*!40000 ALTER TABLE `type_attendance` DISABLE KEYS */;
INSERT INTO `type_attendance` (`id`, `description`) VALUES
	(1, 'Assistance'),
	(2, 'Absence'),
	(3, 'Exculpatory'),
	(4, 'Delay');
/*!40000 ALTER TABLE `type_attendance` ENABLE KEYS */;

-- Dumping structure for table attendance_school.type_user
CREATE TABLE IF NOT EXISTS `type_user` (
  `id` int(3) NOT NULL AUTO_INCREMENT,
  `title` varchar(20) NOT NULL,
  PRIMARY KEY (`id`)
) ENGINE=InnoDB AUTO_INCREMENT=4 DEFAULT CHARSET=latin1;

-- Dumping data for table attendance_school.type_user: ~3 rows (approximately)
/*!40000 ALTER TABLE `type_user` DISABLE KEYS */;
INSERT INTO `type_user` (`id`, `title`) VALUES
	(1, 'Administrator'),
	(2, 'Teacher'),
	(3, 'Student');
/*!40000 ALTER TABLE `type_user` ENABLE KEYS */;

-- Dumping structure for table attendance_school.users
CREATE TABLE IF NOT EXISTS `users` (
  `id` int(4) NOT NULL AUTO_INCREMENT,
  `type_user_id` int(3) NOT NULL,
  `name` varchar(40) NOT NULL,
  `grade` int(1) DEFAULT NULL,
  `password` varchar(500) NOT NULL,
  PRIMARY KEY (`id`),
  KEY `id_type_user` (`type_user_id`),
  CONSTRAINT `users_ibfk_1` FOREIGN KEY (`type_user_id`) REFERENCES `type_user` (`id`) ON DELETE CASCADE ON UPDATE CASCADE
) ENGINE=InnoDB AUTO_INCREMENT=221 DEFAULT CHARSET=latin1;

-- Dumping data for table attendance_school.users: ~127 rows (approximately)
/*!40000 ALTER TABLE `users` DISABLE KEYS */;
INSERT INTO `users` (`id`, `type_user_id`, `name`, `grade`, `password`) VALUES
	(1, 1, 'Administrator', 6, 'edf8654bfa65f2594efd5e4581646bae90df596e1514bd9477c4ad4c1c21de45e457a0b042bcfc9ebf07d8e4c84bd7eaa2cde8236d505928f6d32b66a45c8634'),
	(11, 2, 'Friedrich Beer', 1, 'edf8654bfa65f2594efd5e4581646bae90df596e1514bd9477c4ad4c1c21de45e457a0b042bcfc9ebf07d8e4c84bd7eaa2cde8236d505928f6d32b66a45c8634'),
	(12, 2, 'Hilbert Kulas', 2, 'edf8654bfa65f2594efd5e4581646bae90df596e1514bd9477c4ad4c1c21de45e457a0b042bcfc9ebf07d8e4c84bd7eaa2cde8236d505928f6d32b66a45c8634'),
	(13, 2, 'Telly Balistreri', 3, 'edf8654bfa65f2594efd5e4581646bae90df596e1514bd9477c4ad4c1c21de45e457a0b042bcfc9ebf07d8e4c84bd7eaa2cde8236d505928f6d32b66a45c8634'),
	(14, 2, 'Judson Hegmann', 4, 'edf8654bfa65f2594efd5e4581646bae90df596e1514bd9477c4ad4c1c21de45e457a0b042bcfc9ebf07d8e4c84bd7eaa2cde8236d505928f6d32b66a45c8634'),
	(15, 2, 'Therese Hand', 5, 'edf8654bfa65f2594efd5e4581646bae90df596e1514bd9477c4ad4c1c21de45e457a0b042bcfc9ebf07d8e4c84bd7eaa2cde8236d505928f6d32b66a45c8634'),
	(16, 2, 'Madelyn Kassulke', 6, 'edf8654bfa65f2594efd5e4581646bae90df596e1514bd9477c4ad4c1c21de45e457a0b042bcfc9ebf07d8e4c84bd7eaa2cde8236d505928f6d32b66a45c8634'),
	(101, 3, 'Student', 1, 'edf8654bfa65f2594efd5e4581646bae90df596e1514bd9477c4ad4c1c21de45e457a0b042bcfc9ebf07d8e4c84bd7eaa2cde8236d505928f6d32b66a45c8634'),
	(102, 3, 'Student', 1, 'edf8654bfa65f2594efd5e4581646bae90df596e1514bd9477c4ad4c1c21de45e457a0b042bcfc9ebf07d8e4c84bd7eaa2cde8236d505928f6d32b66a45c8634'),
	(103, 3, 'Student', 1, 'edf8654bfa65f2594efd5e4581646bae90df596e1514bd9477c4ad4c1c21de45e457a0b042bcfc9ebf07d8e4c84bd7eaa2cde8236d505928f6d32b66a45c8634'),
	(104, 3, 'Student', 1, 'edf8654bfa65f2594efd5e4581646bae90df596e1514bd9477c4ad4c1c21de45e457a0b042bcfc9ebf07d8e4c84bd7eaa2cde8236d505928f6d32b66a45c8634'),
	(105, 3, 'Student', 1, 'edf8654bfa65f2594efd5e4581646bae90df596e1514bd9477c4ad4c1c21de45e457a0b042bcfc9ebf07d8e4c84bd7eaa2cde8236d505928f6d32b66a45c8634'),
	(106, 3, 'Student', 1, 'edf8654bfa65f2594efd5e4581646bae90df596e1514bd9477c4ad4c1c21de45e457a0b042bcfc9ebf07d8e4c84bd7eaa2cde8236d505928f6d32b66a45c8634'),
	(107, 3, 'Student', 1, 'edf8654bfa65f2594efd5e4581646bae90df596e1514bd9477c4ad4c1c21de45e457a0b042bcfc9ebf07d8e4c84bd7eaa2cde8236d505928f6d32b66a45c8634'),
	(108, 3, 'Student', 1, 'edf8654bfa65f2594efd5e4581646bae90df596e1514bd9477c4ad4c1c21de45e457a0b042bcfc9ebf07d8e4c84bd7eaa2cde8236d505928f6d32b66a45c8634'),
	(109, 3, 'Student', 1, 'edf8654bfa65f2594efd5e4581646bae90df596e1514bd9477c4ad4c1c21de45e457a0b042bcfc9ebf07d8e4c84bd7eaa2cde8236d505928f6d32b66a45c8634'),
	(110, 3, 'Student', 1, 'edf8654bfa65f2594efd5e4581646bae90df596e1514bd9477c4ad4c1c21de45e457a0b042bcfc9ebf07d8e4c84bd7eaa2cde8236d505928f6d32b66a45c8634'),
	(111, 3, 'Student', 1, 'edf8654bfa65f2594efd5e4581646bae90df596e1514bd9477c4ad4c1c21de45e457a0b042bcfc9ebf07d8e4c84bd7eaa2cde8236d505928f6d32b66a45c8634'),
	(112, 3, 'Student', 1, 'edf8654bfa65f2594efd5e4581646bae90df596e1514bd9477c4ad4c1c21de45e457a0b042bcfc9ebf07d8e4c84bd7eaa2cde8236d505928f6d32b66a45c8634'),
	(113, 3, 'Student', 1, 'edf8654bfa65f2594efd5e4581646bae90df596e1514bd9477c4ad4c1c21de45e457a0b042bcfc9ebf07d8e4c84bd7eaa2cde8236d505928f6d32b66a45c8634'),
	(114, 3, 'Student', 1, 'edf8654bfa65f2594efd5e4581646bae90df596e1514bd9477c4ad4c1c21de45e457a0b042bcfc9ebf07d8e4c84bd7eaa2cde8236d505928f6d32b66a45c8634'),
	(115, 3, 'Student', 1, 'edf8654bfa65f2594efd5e4581646bae90df596e1514bd9477c4ad4c1c21de45e457a0b042bcfc9ebf07d8e4c84bd7eaa2cde8236d505928f6d32b66a45c8634'),
	(116, 3, 'Student', 1, 'edf8654bfa65f2594efd5e4581646bae90df596e1514bd9477c4ad4c1c21de45e457a0b042bcfc9ebf07d8e4c84bd7eaa2cde8236d505928f6d32b66a45c8634'),
	(117, 3, 'Student', 1, 'edf8654bfa65f2594efd5e4581646bae90df596e1514bd9477c4ad4c1c21de45e457a0b042bcfc9ebf07d8e4c84bd7eaa2cde8236d505928f6d32b66a45c8634'),
	(118, 3, 'Student', 1, 'edf8654bfa65f2594efd5e4581646bae90df596e1514bd9477c4ad4c1c21de45e457a0b042bcfc9ebf07d8e4c84bd7eaa2cde8236d505928f6d32b66a45c8634'),
	(119, 3, 'Student', 1, 'edf8654bfa65f2594efd5e4581646bae90df596e1514bd9477c4ad4c1c21de45e457a0b042bcfc9ebf07d8e4c84bd7eaa2cde8236d505928f6d32b66a45c8634'),
	(120, 3, 'Student', 1, 'edf8654bfa65f2594efd5e4581646bae90df596e1514bd9477c4ad4c1c21de45e457a0b042bcfc9ebf07d8e4c84bd7eaa2cde8236d505928f6d32b66a45c8634'),
	(121, 3, 'Student', 2, 'edf8654bfa65f2594efd5e4581646bae90df596e1514bd9477c4ad4c1c21de45e457a0b042bcfc9ebf07d8e4c84bd7eaa2cde8236d505928f6d32b66a45c8634'),
	(122, 3, 'Student', 2, 'edf8654bfa65f2594efd5e4581646bae90df596e1514bd9477c4ad4c1c21de45e457a0b042bcfc9ebf07d8e4c84bd7eaa2cde8236d505928f6d32b66a45c8634'),
	(123, 3, 'Student', 2, 'edf8654bfa65f2594efd5e4581646bae90df596e1514bd9477c4ad4c1c21de45e457a0b042bcfc9ebf07d8e4c84bd7eaa2cde8236d505928f6d32b66a45c8634'),
	(124, 3, 'Student', 2, 'edf8654bfa65f2594efd5e4581646bae90df596e1514bd9477c4ad4c1c21de45e457a0b042bcfc9ebf07d8e4c84bd7eaa2cde8236d505928f6d32b66a45c8634'),
	(125, 3, 'Student', 2, 'edf8654bfa65f2594efd5e4581646bae90df596e1514bd9477c4ad4c1c21de45e457a0b042bcfc9ebf07d8e4c84bd7eaa2cde8236d505928f6d32b66a45c8634'),
	(126, 3, 'Student', 2, 'edf8654bfa65f2594efd5e4581646bae90df596e1514bd9477c4ad4c1c21de45e457a0b042bcfc9ebf07d8e4c84bd7eaa2cde8236d505928f6d32b66a45c8634'),
	(127, 3, 'Student', 2, 'edf8654bfa65f2594efd5e4581646bae90df596e1514bd9477c4ad4c1c21de45e457a0b042bcfc9ebf07d8e4c84bd7eaa2cde8236d505928f6d32b66a45c8634'),
	(128, 3, 'Student', 2, 'edf8654bfa65f2594efd5e4581646bae90df596e1514bd9477c4ad4c1c21de45e457a0b042bcfc9ebf07d8e4c84bd7eaa2cde8236d505928f6d32b66a45c8634'),
	(129, 3, 'Student', 2, 'edf8654bfa65f2594efd5e4581646bae90df596e1514bd9477c4ad4c1c21de45e457a0b042bcfc9ebf07d8e4c84bd7eaa2cde8236d505928f6d32b66a45c8634'),
	(130, 3, 'Student', 2, 'edf8654bfa65f2594efd5e4581646bae90df596e1514bd9477c4ad4c1c21de45e457a0b042bcfc9ebf07d8e4c84bd7eaa2cde8236d505928f6d32b66a45c8634'),
	(131, 3, 'Student', 2, 'edf8654bfa65f2594efd5e4581646bae90df596e1514bd9477c4ad4c1c21de45e457a0b042bcfc9ebf07d8e4c84bd7eaa2cde8236d505928f6d32b66a45c8634'),
	(132, 3, 'Student', 2, 'edf8654bfa65f2594efd5e4581646bae90df596e1514bd9477c4ad4c1c21de45e457a0b042bcfc9ebf07d8e4c84bd7eaa2cde8236d505928f6d32b66a45c8634'),
	(133, 3, 'Student', 2, 'edf8654bfa65f2594efd5e4581646bae90df596e1514bd9477c4ad4c1c21de45e457a0b042bcfc9ebf07d8e4c84bd7eaa2cde8236d505928f6d32b66a45c8634'),
	(134, 3, 'Student', 2, 'edf8654bfa65f2594efd5e4581646bae90df596e1514bd9477c4ad4c1c21de45e457a0b042bcfc9ebf07d8e4c84bd7eaa2cde8236d505928f6d32b66a45c8634'),
	(135, 3, 'Student', 2, 'edf8654bfa65f2594efd5e4581646bae90df596e1514bd9477c4ad4c1c21de45e457a0b042bcfc9ebf07d8e4c84bd7eaa2cde8236d505928f6d32b66a45c8634'),
	(136, 3, 'Student', 2, 'edf8654bfa65f2594efd5e4581646bae90df596e1514bd9477c4ad4c1c21de45e457a0b042bcfc9ebf07d8e4c84bd7eaa2cde8236d505928f6d32b66a45c8634'),
	(137, 3, 'Student', 2, 'edf8654bfa65f2594efd5e4581646bae90df596e1514bd9477c4ad4c1c21de45e457a0b042bcfc9ebf07d8e4c84bd7eaa2cde8236d505928f6d32b66a45c8634'),
	(138, 3, 'Student', 2, 'edf8654bfa65f2594efd5e4581646bae90df596e1514bd9477c4ad4c1c21de45e457a0b042bcfc9ebf07d8e4c84bd7eaa2cde8236d505928f6d32b66a45c8634'),
	(139, 3, 'Student', 2, 'edf8654bfa65f2594efd5e4581646bae90df596e1514bd9477c4ad4c1c21de45e457a0b042bcfc9ebf07d8e4c84bd7eaa2cde8236d505928f6d32b66a45c8634'),
	(140, 3, 'Student', 2, 'edf8654bfa65f2594efd5e4581646bae90df596e1514bd9477c4ad4c1c21de45e457a0b042bcfc9ebf07d8e4c84bd7eaa2cde8236d505928f6d32b66a45c8634'),
	(141, 3, 'Student', 3, 'edf8654bfa65f2594efd5e4581646bae90df596e1514bd9477c4ad4c1c21de45e457a0b042bcfc9ebf07d8e4c84bd7eaa2cde8236d505928f6d32b66a45c8634'),
	(142, 3, 'Student', 3, 'edf8654bfa65f2594efd5e4581646bae90df596e1514bd9477c4ad4c1c21de45e457a0b042bcfc9ebf07d8e4c84bd7eaa2cde8236d505928f6d32b66a45c8634'),
	(143, 3, 'Student', 3, 'edf8654bfa65f2594efd5e4581646bae90df596e1514bd9477c4ad4c1c21de45e457a0b042bcfc9ebf07d8e4c84bd7eaa2cde8236d505928f6d32b66a45c8634'),
	(144, 3, 'Student', 3, 'edf8654bfa65f2594efd5e4581646bae90df596e1514bd9477c4ad4c1c21de45e457a0b042bcfc9ebf07d8e4c84bd7eaa2cde8236d505928f6d32b66a45c8634'),
	(145, 3, 'Student', 3, 'edf8654bfa65f2594efd5e4581646bae90df596e1514bd9477c4ad4c1c21de45e457a0b042bcfc9ebf07d8e4c84bd7eaa2cde8236d505928f6d32b66a45c8634'),
	(146, 3, 'Student', 3, 'edf8654bfa65f2594efd5e4581646bae90df596e1514bd9477c4ad4c1c21de45e457a0b042bcfc9ebf07d8e4c84bd7eaa2cde8236d505928f6d32b66a45c8634'),
	(147, 3, 'Student', 3, 'edf8654bfa65f2594efd5e4581646bae90df596e1514bd9477c4ad4c1c21de45e457a0b042bcfc9ebf07d8e4c84bd7eaa2cde8236d505928f6d32b66a45c8634'),
	(148, 3, 'Student', 3, 'edf8654bfa65f2594efd5e4581646bae90df596e1514bd9477c4ad4c1c21de45e457a0b042bcfc9ebf07d8e4c84bd7eaa2cde8236d505928f6d32b66a45c8634'),
	(149, 3, 'Student', 3, 'edf8654bfa65f2594efd5e4581646bae90df596e1514bd9477c4ad4c1c21de45e457a0b042bcfc9ebf07d8e4c84bd7eaa2cde8236d505928f6d32b66a45c8634'),
	(150, 3, 'Student', 3, 'edf8654bfa65f2594efd5e4581646bae90df596e1514bd9477c4ad4c1c21de45e457a0b042bcfc9ebf07d8e4c84bd7eaa2cde8236d505928f6d32b66a45c8634'),
	(151, 3, 'Student', 3, 'edf8654bfa65f2594efd5e4581646bae90df596e1514bd9477c4ad4c1c21de45e457a0b042bcfc9ebf07d8e4c84bd7eaa2cde8236d505928f6d32b66a45c8634'),
	(152, 3, 'Student', 3, 'edf8654bfa65f2594efd5e4581646bae90df596e1514bd9477c4ad4c1c21de45e457a0b042bcfc9ebf07d8e4c84bd7eaa2cde8236d505928f6d32b66a45c8634'),
	(153, 3, 'Student', 3, 'edf8654bfa65f2594efd5e4581646bae90df596e1514bd9477c4ad4c1c21de45e457a0b042bcfc9ebf07d8e4c84bd7eaa2cde8236d505928f6d32b66a45c8634'),
	(154, 3, 'Student', 3, 'edf8654bfa65f2594efd5e4581646bae90df596e1514bd9477c4ad4c1c21de45e457a0b042bcfc9ebf07d8e4c84bd7eaa2cde8236d505928f6d32b66a45c8634'),
	(155, 3, 'Student', 3, 'edf8654bfa65f2594efd5e4581646bae90df596e1514bd9477c4ad4c1c21de45e457a0b042bcfc9ebf07d8e4c84bd7eaa2cde8236d505928f6d32b66a45c8634'),
	(156, 3, 'Student', 3, 'edf8654bfa65f2594efd5e4581646bae90df596e1514bd9477c4ad4c1c21de45e457a0b042bcfc9ebf07d8e4c84bd7eaa2cde8236d505928f6d32b66a45c8634'),
	(157, 3, 'Student', 3, 'edf8654bfa65f2594efd5e4581646bae90df596e1514bd9477c4ad4c1c21de45e457a0b042bcfc9ebf07d8e4c84bd7eaa2cde8236d505928f6d32b66a45c8634'),
	(158, 3, 'Student', 3, 'edf8654bfa65f2594efd5e4581646bae90df596e1514bd9477c4ad4c1c21de45e457a0b042bcfc9ebf07d8e4c84bd7eaa2cde8236d505928f6d32b66a45c8634'),
	(159, 3, 'Student', 3, 'edf8654bfa65f2594efd5e4581646bae90df596e1514bd9477c4ad4c1c21de45e457a0b042bcfc9ebf07d8e4c84bd7eaa2cde8236d505928f6d32b66a45c8634'),
	(160, 3, 'Student', 3, 'edf8654bfa65f2594efd5e4581646bae90df596e1514bd9477c4ad4c1c21de45e457a0b042bcfc9ebf07d8e4c84bd7eaa2cde8236d505928f6d32b66a45c8634'),
	(161, 3, 'Student', 4, 'edf8654bfa65f2594efd5e4581646bae90df596e1514bd9477c4ad4c1c21de45e457a0b042bcfc9ebf07d8e4c84bd7eaa2cde8236d505928f6d32b66a45c8634'),
	(162, 3, 'Student', 4, 'edf8654bfa65f2594efd5e4581646bae90df596e1514bd9477c4ad4c1c21de45e457a0b042bcfc9ebf07d8e4c84bd7eaa2cde8236d505928f6d32b66a45c8634'),
	(163, 3, 'Student', 4, 'edf8654bfa65f2594efd5e4581646bae90df596e1514bd9477c4ad4c1c21de45e457a0b042bcfc9ebf07d8e4c84bd7eaa2cde8236d505928f6d32b66a45c8634'),
	(164, 3, 'Student', 4, 'edf8654bfa65f2594efd5e4581646bae90df596e1514bd9477c4ad4c1c21de45e457a0b042bcfc9ebf07d8e4c84bd7eaa2cde8236d505928f6d32b66a45c8634'),
	(165, 3, 'Student', 4, 'edf8654bfa65f2594efd5e4581646bae90df596e1514bd9477c4ad4c1c21de45e457a0b042bcfc9ebf07d8e4c84bd7eaa2cde8236d505928f6d32b66a45c8634'),
	(166, 3, 'Student', 4, 'edf8654bfa65f2594efd5e4581646bae90df596e1514bd9477c4ad4c1c21de45e457a0b042bcfc9ebf07d8e4c84bd7eaa2cde8236d505928f6d32b66a45c8634'),
	(167, 3, 'Student', 4, 'edf8654bfa65f2594efd5e4581646bae90df596e1514bd9477c4ad4c1c21de45e457a0b042bcfc9ebf07d8e4c84bd7eaa2cde8236d505928f6d32b66a45c8634'),
	(168, 3, 'Student', 4, 'edf8654bfa65f2594efd5e4581646bae90df596e1514bd9477c4ad4c1c21de45e457a0b042bcfc9ebf07d8e4c84bd7eaa2cde8236d505928f6d32b66a45c8634'),
	(169, 3, 'Student', 4, 'edf8654bfa65f2594efd5e4581646bae90df596e1514bd9477c4ad4c1c21de45e457a0b042bcfc9ebf07d8e4c84bd7eaa2cde8236d505928f6d32b66a45c8634'),
	(170, 3, 'Student', 4, 'edf8654bfa65f2594efd5e4581646bae90df596e1514bd9477c4ad4c1c21de45e457a0b042bcfc9ebf07d8e4c84bd7eaa2cde8236d505928f6d32b66a45c8634'),
	(171, 3, 'Student', 4, 'edf8654bfa65f2594efd5e4581646bae90df596e1514bd9477c4ad4c1c21de45e457a0b042bcfc9ebf07d8e4c84bd7eaa2cde8236d505928f6d32b66a45c8634'),
	(172, 3, 'Student', 4, 'edf8654bfa65f2594efd5e4581646bae90df596e1514bd9477c4ad4c1c21de45e457a0b042bcfc9ebf07d8e4c84bd7eaa2cde8236d505928f6d32b66a45c8634'),
	(173, 3, 'Student', 4, 'edf8654bfa65f2594efd5e4581646bae90df596e1514bd9477c4ad4c1c21de45e457a0b042bcfc9ebf07d8e4c84bd7eaa2cde8236d505928f6d32b66a45c8634'),
	(174, 3, 'Student', 4, 'edf8654bfa65f2594efd5e4581646bae90df596e1514bd9477c4ad4c1c21de45e457a0b042bcfc9ebf07d8e4c84bd7eaa2cde8236d505928f6d32b66a45c8634'),
	(175, 3, 'Student', 4, 'edf8654bfa65f2594efd5e4581646bae90df596e1514bd9477c4ad4c1c21de45e457a0b042bcfc9ebf07d8e4c84bd7eaa2cde8236d505928f6d32b66a45c8634'),
	(176, 3, 'Student', 4, 'edf8654bfa65f2594efd5e4581646bae90df596e1514bd9477c4ad4c1c21de45e457a0b042bcfc9ebf07d8e4c84bd7eaa2cde8236d505928f6d32b66a45c8634'),
	(177, 3, 'Student', 4, 'edf8654bfa65f2594efd5e4581646bae90df596e1514bd9477c4ad4c1c21de45e457a0b042bcfc9ebf07d8e4c84bd7eaa2cde8236d505928f6d32b66a45c8634'),
	(178, 3, 'Student', 4, 'edf8654bfa65f2594efd5e4581646bae90df596e1514bd9477c4ad4c1c21de45e457a0b042bcfc9ebf07d8e4c84bd7eaa2cde8236d505928f6d32b66a45c8634'),
	(179, 3, 'Student', 4, 'edf8654bfa65f2594efd5e4581646bae90df596e1514bd9477c4ad4c1c21de45e457a0b042bcfc9ebf07d8e4c84bd7eaa2cde8236d505928f6d32b66a45c8634'),
	(180, 3, 'Student', 4, 'edf8654bfa65f2594efd5e4581646bae90df596e1514bd9477c4ad4c1c21de45e457a0b042bcfc9ebf07d8e4c84bd7eaa2cde8236d505928f6d32b66a45c8634'),
	(181, 3, 'Student', 5, 'edf8654bfa65f2594efd5e4581646bae90df596e1514bd9477c4ad4c1c21de45e457a0b042bcfc9ebf07d8e4c84bd7eaa2cde8236d505928f6d32b66a45c8634'),
	(182, 3, 'Student', 5, 'edf8654bfa65f2594efd5e4581646bae90df596e1514bd9477c4ad4c1c21de45e457a0b042bcfc9ebf07d8e4c84bd7eaa2cde8236d505928f6d32b66a45c8634'),
	(183, 3, 'Student', 5, 'edf8654bfa65f2594efd5e4581646bae90df596e1514bd9477c4ad4c1c21de45e457a0b042bcfc9ebf07d8e4c84bd7eaa2cde8236d505928f6d32b66a45c8634'),
	(184, 3, 'Student', 5, 'edf8654bfa65f2594efd5e4581646bae90df596e1514bd9477c4ad4c1c21de45e457a0b042bcfc9ebf07d8e4c84bd7eaa2cde8236d505928f6d32b66a45c8634'),
	(185, 3, 'Student', 5, 'edf8654bfa65f2594efd5e4581646bae90df596e1514bd9477c4ad4c1c21de45e457a0b042bcfc9ebf07d8e4c84bd7eaa2cde8236d505928f6d32b66a45c8634'),
	(186, 3, 'Student', 5, 'edf8654bfa65f2594efd5e4581646bae90df596e1514bd9477c4ad4c1c21de45e457a0b042bcfc9ebf07d8e4c84bd7eaa2cde8236d505928f6d32b66a45c8634'),
	(187, 3, 'Student', 5, 'edf8654bfa65f2594efd5e4581646bae90df596e1514bd9477c4ad4c1c21de45e457a0b042bcfc9ebf07d8e4c84bd7eaa2cde8236d505928f6d32b66a45c8634'),
	(188, 3, 'Student', 5, 'edf8654bfa65f2594efd5e4581646bae90df596e1514bd9477c4ad4c1c21de45e457a0b042bcfc9ebf07d8e4c84bd7eaa2cde8236d505928f6d32b66a45c8634'),
	(189, 3, 'Student', 5, 'edf8654bfa65f2594efd5e4581646bae90df596e1514bd9477c4ad4c1c21de45e457a0b042bcfc9ebf07d8e4c84bd7eaa2cde8236d505928f6d32b66a45c8634'),
	(190, 3, 'Student', 5, 'edf8654bfa65f2594efd5e4581646bae90df596e1514bd9477c4ad4c1c21de45e457a0b042bcfc9ebf07d8e4c84bd7eaa2cde8236d505928f6d32b66a45c8634'),
	(191, 3, 'Student', 5, 'edf8654bfa65f2594efd5e4581646bae90df596e1514bd9477c4ad4c1c21de45e457a0b042bcfc9ebf07d8e4c84bd7eaa2cde8236d505928f6d32b66a45c8634'),
	(192, 3, 'Student', 5, 'edf8654bfa65f2594efd5e4581646bae90df596e1514bd9477c4ad4c1c21de45e457a0b042bcfc9ebf07d8e4c84bd7eaa2cde8236d505928f6d32b66a45c8634'),
	(193, 3, 'Student', 5, 'edf8654bfa65f2594efd5e4581646bae90df596e1514bd9477c4ad4c1c21de45e457a0b042bcfc9ebf07d8e4c84bd7eaa2cde8236d505928f6d32b66a45c8634'),
	(194, 3, 'Student', 5, 'edf8654bfa65f2594efd5e4581646bae90df596e1514bd9477c4ad4c1c21de45e457a0b042bcfc9ebf07d8e4c84bd7eaa2cde8236d505928f6d32b66a45c8634'),
	(195, 3, 'Student', 5, 'edf8654bfa65f2594efd5e4581646bae90df596e1514bd9477c4ad4c1c21de45e457a0b042bcfc9ebf07d8e4c84bd7eaa2cde8236d505928f6d32b66a45c8634'),
	(196, 3, 'Student', 5, 'edf8654bfa65f2594efd5e4581646bae90df596e1514bd9477c4ad4c1c21de45e457a0b042bcfc9ebf07d8e4c84bd7eaa2cde8236d505928f6d32b66a45c8634'),
	(197, 3, 'Student', 5, 'edf8654bfa65f2594efd5e4581646bae90df596e1514bd9477c4ad4c1c21de45e457a0b042bcfc9ebf07d8e4c84bd7eaa2cde8236d505928f6d32b66a45c8634'),
	(198, 3, 'Student', 5, 'edf8654bfa65f2594efd5e4581646bae90df596e1514bd9477c4ad4c1c21de45e457a0b042bcfc9ebf07d8e4c84bd7eaa2cde8236d505928f6d32b66a45c8634'),
	(199, 3, 'Student', 5, 'edf8654bfa65f2594efd5e4581646bae90df596e1514bd9477c4ad4c1c21de45e457a0b042bcfc9ebf07d8e4c84bd7eaa2cde8236d505928f6d32b66a45c8634'),
	(200, 3, 'Student', 5, 'edf8654bfa65f2594efd5e4581646bae90df596e1514bd9477c4ad4c1c21de45e457a0b042bcfc9ebf07d8e4c84bd7eaa2cde8236d505928f6d32b66a45c8634'),
	(201, 3, 'Student', 6, 'edf8654bfa65f2594efd5e4581646bae90df596e1514bd9477c4ad4c1c21de45e457a0b042bcfc9ebf07d8e4c84bd7eaa2cde8236d505928f6d32b66a45c8634'),
	(202, 3, 'Student', 6, 'edf8654bfa65f2594efd5e4581646bae90df596e1514bd9477c4ad4c1c21de45e457a0b042bcfc9ebf07d8e4c84bd7eaa2cde8236d505928f6d32b66a45c8634'),
	(203, 3, 'Student', 6, 'edf8654bfa65f2594efd5e4581646bae90df596e1514bd9477c4ad4c1c21de45e457a0b042bcfc9ebf07d8e4c84bd7eaa2cde8236d505928f6d32b66a45c8634'),
	(204, 3, 'Student', 6, 'edf8654bfa65f2594efd5e4581646bae90df596e1514bd9477c4ad4c1c21de45e457a0b042bcfc9ebf07d8e4c84bd7eaa2cde8236d505928f6d32b66a45c8634'),
	(205, 3, 'Student', 6, 'edf8654bfa65f2594efd5e4581646bae90df596e1514bd9477c4ad4c1c21de45e457a0b042bcfc9ebf07d8e4c84bd7eaa2cde8236d505928f6d32b66a45c8634'),
	(206, 3, 'Student', 6, 'edf8654bfa65f2594efd5e4581646bae90df596e1514bd9477c4ad4c1c21de45e457a0b042bcfc9ebf07d8e4c84bd7eaa2cde8236d505928f6d32b66a45c8634'),
	(207, 3, 'Student', 6, 'edf8654bfa65f2594efd5e4581646bae90df596e1514bd9477c4ad4c1c21de45e457a0b042bcfc9ebf07d8e4c84bd7eaa2cde8236d505928f6d32b66a45c8634'),
	(208, 3, 'Student', 6, 'edf8654bfa65f2594efd5e4581646bae90df596e1514bd9477c4ad4c1c21de45e457a0b042bcfc9ebf07d8e4c84bd7eaa2cde8236d505928f6d32b66a45c8634'),
	(209, 3, 'Student', 6, 'edf8654bfa65f2594efd5e4581646bae90df596e1514bd9477c4ad4c1c21de45e457a0b042bcfc9ebf07d8e4c84bd7eaa2cde8236d505928f6d32b66a45c8634'),
	(210, 3, 'Student', 6, 'edf8654bfa65f2594efd5e4581646bae90df596e1514bd9477c4ad4c1c21de45e457a0b042bcfc9ebf07d8e4c84bd7eaa2cde8236d505928f6d32b66a45c8634'),
	(211, 3, 'Student', 6, 'edf8654bfa65f2594efd5e4581646bae90df596e1514bd9477c4ad4c1c21de45e457a0b042bcfc9ebf07d8e4c84bd7eaa2cde8236d505928f6d32b66a45c8634'),
	(212, 3, 'Student', 6, 'edf8654bfa65f2594efd5e4581646bae90df596e1514bd9477c4ad4c1c21de45e457a0b042bcfc9ebf07d8e4c84bd7eaa2cde8236d505928f6d32b66a45c8634'),
	(213, 3, 'Student', 6, 'edf8654bfa65f2594efd5e4581646bae90df596e1514bd9477c4ad4c1c21de45e457a0b042bcfc9ebf07d8e4c84bd7eaa2cde8236d505928f6d32b66a45c8634'),
	(214, 3, 'Student', 6, 'edf8654bfa65f2594efd5e4581646bae90df596e1514bd9477c4ad4c1c21de45e457a0b042bcfc9ebf07d8e4c84bd7eaa2cde8236d505928f6d32b66a45c8634'),
	(215, 3, 'Student', 6, 'edf8654bfa65f2594efd5e4581646bae90df596e1514bd9477c4ad4c1c21de45e457a0b042bcfc9ebf07d8e4c84bd7eaa2cde8236d505928f6d32b66a45c8634'),
	(216, 3, 'Student', 6, 'edf8654bfa65f2594efd5e4581646bae90df596e1514bd9477c4ad4c1c21de45e457a0b042bcfc9ebf07d8e4c84bd7eaa2cde8236d505928f6d32b66a45c8634'),
	(217, 3, 'Student', 6, 'edf8654bfa65f2594efd5e4581646bae90df596e1514bd9477c4ad4c1c21de45e457a0b042bcfc9ebf07d8e4c84bd7eaa2cde8236d505928f6d32b66a45c8634'),
	(218, 3, 'Student', 6, 'edf8654bfa65f2594efd5e4581646bae90df596e1514bd9477c4ad4c1c21de45e457a0b042bcfc9ebf07d8e4c84bd7eaa2cde8236d505928f6d32b66a45c8634'),
	(219, 3, 'Student', 6, 'edf8654bfa65f2594efd5e4581646bae90df596e1514bd9477c4ad4c1c21de45e457a0b042bcfc9ebf07d8e4c84bd7eaa2cde8236d505928f6d32b66a45c8634'),
	(220, 3, 'Student', 6, 'edf8654bfa65f2594efd5e4581646bae90df596e1514bd9477c4ad4c1c21de45e457a0b042bcfc9ebf07d8e4c84bd7eaa2cde8236d505928f6d32b66a45c8634');
/*!40000 ALTER TABLE `users` ENABLE KEYS */;

/*!40101 SET SQL_MODE=IFNULL(@OLD_SQL_MODE, '') */;
/*!40014 SET FOREIGN_KEY_CHECKS=IF(@OLD_FOREIGN_KEY_CHECKS IS NULL, 1, @OLD_FOREIGN_KEY_CHECKS) */;
/*!40101 SET CHARACTER_SET_CLIENT=@OLD_CHARACTER_SET_CLIENT */;
